index,source,timestamp,values
164349,battery,2017-06-29 07:45:56.262,['98']
"164350,accelerometer,2017-06-29 07:46:01.263,""['-0.3440857', '0.68330383', '9.967361']"""
"164351,gravity,2017-06-29 07:46:01.324,""['-0.34131828', '0.6573288', '9.778641']"""
"164352,linear_acceleration,2017-06-29 07:46:01.329,""['-0.018068999', '0.034808993', '-0.033065796']"""
"164353,gyroscope,2017-06-29 07:46:01.402,""['0.0041656494', '-0.0132751465', '0.006164551']"""
164354,pressure,2017-06-29 07:46:01.464,['969.3651']
"164355,orientation,2017-06-29 07:46:01.509,""['31.284260813896044', '-3.3376453624603086', '2.03370568740081']"""
"164356,magnetometer,2017-06-29 07:46:01.661,""['-15.32135', '24.88861', '-44.90509']"""
"164357,rotation_vector,2017-06-29 07:46:01.719,""['0.036942374', '0.007465202', '-0.25660786', '0.9657805', '0.17453292']"""
"164358,heart_rate,2017-06-29 07:46:05.590,""['173.0', '0']"""
"164359,accelerometer,2017-06-29 07:46:06.270,""['-0.4410553', '0.7886505', '9.872787']"""
"164360,linear_acceleration,2017-06-29 07:46:06.351,""['0.011193424', '-0.0062996745', '0.004644394']"""
"164361,gravity,2017-06-29 07:46:06.354,""['-0.49383318', '0.6960046', '9.769447']"""
164362,pressure,2017-06-29 07:46:06.498,['969.0265']
"164363,orientation,2017-06-29 07:46:06.517,""['31.151399974160956', '-4.101417606018645', '2.9171614147945752']"""
"164364,gyroscope,2017-06-29 07:46:06.548,""['-0.0049438477', '-0.005126953', '0.0018005371']"""
"164365,heart_rate,2017-06-29 07:46:06.590,""['172.0', '1']"""
"164366,magnetometer,2017-06-29 07:46:06.700,""['-14.96582', '24.205017', '-46.57135']"""
"164367,rotation_vector,2017-06-29 07:46:06.766,""['0.041040815', '0.01452478', '-0.26592505', '0.96301013', '0.17453292']"""
"164368,heart_rate,2017-06-29 07:46:07.589,""['171.0', '1']"""
"164369,heart_rate,2017-06-29 07:46:09.587,""['170.0', '1']"""
"164370,heart_rate,2017-06-29 07:46:10.588,""['169.0', '1']"""
"164371,accelerometer,2017-06-29 07:46:11.280,""['0.2496643', '1.4255066', '9.832092']"""
"164372,gravity,2017-06-29 07:46:11.395,""['0.07871066', '1.3967916', '9.7063465']"""
"164373,linear_acceleration,2017-06-29 07:46:11.398,""['0.16674437', '-0.10990703', '0.02115345']"""
"164374,orientation,2017-06-29 07:46:11.523,""['32.97987918101381', '-7.698149972944107', '-1.176000306786522']"""
164375,pressure,2017-06-29 07:46:11.530,['965.80725']
"164376,heart_rate,2017-06-29 07:46:11.576,""['168.0', '1']"""
"164377,gyroscope,2017-06-29 07:46:11.693,""['0.0013427734', '-0.0019378662', '0.0029754639']"""
"164378,magnetometer,2017-06-29 07:46:11.732,""['-19.198608', '22.335815', '-46.774292']"""
"164379,rotation_vector,2017-06-29 07:46:11.796,""['0.06558442', '-0.029628774', '-0.31692198', '0.94571733', '0.17453292']"""
"164380,heart_rate,2017-06-29 07:46:13.575,""['167.0', '0']"""
"164381,heart_rate,2017-06-29 07:46:14.579,""['166.0', '0']"""
"164382,heart_rate,2017-06-29 07:46:15.573,""['165.0', '0']"""
"164383,accelerometer,2017-06-29 07:46:16.282,""['1.0840454', '0.52648926', '9.967361']"""
"164384,linear_acceleration,2017-06-29 07:46:16.430,""['0.14400184', '0.14099151', '0.009511948']"""
"164385,gravity,2017-06-29 07:46:16.433,""['0.99026', '0.55672634', '9.740627']"""
"164386,orientation,2017-06-29 07:46:16.539,""['34.27415221740703', '-1.1241907606110364', '-4.134990973997019']"""
164387,pressure,2017-06-29 07:46:16.566,['968.9154']
"164388,heart_rate,2017-06-29 07:46:16.573,""['164.0', '0']"""
"164389,magnetometer,2017-06-29 07:46:16.769,""['-22.219849', '28.617859', '-44.91577']"""
"164390,gyroscope,2017-06-29 07:46:16.841,""['-0.24137878', '-0.0064086914', '-0.098236084']"""
"164391,rotation_vector,2017-06-29 07:46:16.844,""['-0.006458635', '-0.049435873', '-0.2506117', '0.9668031', '0.17453292']"""
"164392,heart_rate,2017-06-29 07:46:18.571,""['163.0', '0']"""
"164393,heart_rate,2017-06-29 07:46:19.574,""['162.0', '0']"""
"164394,heart_rate,2017-06-29 07:46:20.571,""['161.0', '0']"""
"164395,accelerometer,2017-06-29 07:46:21.289,""['-1.2897949', '-0.83462524', '9.338882']"""
"164396,gravity,2017-06-29 07:46:21.467,""['-1.0536472', '-1.2221308', '9.672984']"""
"164397,linear_acceleration,2017-06-29 07:46:21.471,""['0.038346767', '-0.023898602', '0.040205956']"""
"164398,orientation,2017-06-29 07:46:21.547,""['28.208462706099223', '4.733230594812333', '5.413962252215301']"""
"164399,heart_rate,2017-06-29 07:46:21.571,""['160.0', '0']"""
164400,pressure,2017-06-29 07:46:21.602,['968.08545']
"164401,magnetometer,2017-06-29 07:46:21.801,""['-9.135437', '26.36261', '-41.52527']"""
"164402,rotation_vector,2017-06-29 07:46:21.865,""['-0.045862354', '0.056357592', '-0.22846486', '0.9708369', '0.17453292']"""
"164403,gyroscope,2017-06-29 07:46:21.983,""['-0.026992798', '0.0040283203', '-0.032073975']"""
"164404,heart_rate,2017-06-29 07:46:22.569,""['159.0', '0']"""
"164405,heart_rate,2017-06-29 07:46:23.569,""['158.0', '0']"""
"164406,heart_rate,2017-06-29 07:46:24.571,""['157.0', '0']"""
"164407,heart_rate,2017-06-29 07:46:25.568,""['156.0', '0']"""
"164408,accelerometer,2017-06-29 07:46:26.296,""['-3.341629', '-2.225647', '9.062347']"""
"164409,gravity,2017-06-29 07:46:26.495,""['-3.1129777', '-2.5970948', '8.929438']"""
"164410,linear_acceleration,2017-06-29 07:46:26.498,""['0.6822603', '0.5605433', '0.049686432']"""
"164411,orientation,2017-06-29 07:46:26.553,""['41.044471364250036', '14.447125632404468', '30.194487056347583']"""
"164412,heart_rate,2017-06-29 07:46:26.567,""['146.0', '1']"""
164413,pressure,2017-06-29 07:46:26.638,['969.7169']
"164414,magnetometer,2017-06-29 07:46:26.844,""['8.052063', '30.743408', '-27.191162']"""
"164415,rotation_vector,2017-06-29 07:46:26.910,""['-0.2073594', '0.2627788', '-0.0067077833', '0.9422868', '0.17453292']"""
"164416,gyroscope,2017-06-29 07:46:27.127,""['-0.13635254', '-0.05557251', '0.15898132']"""
"164417,heart_rate,2017-06-29 07:46:27.566,""['136.0', '1']"""
"164418,heart_rate,2017-06-29 07:46:28.566,""['132.0', '1']"""
"164419,heart_rate,2017-06-29 07:46:29.567,""['131.0', '1']"""
"164420,accelerometer,2017-06-29 07:46:31.304,""['-4.5243683', '-0.51260376', '8.747513']"""
"164421,gravity,2017-06-29 07:46:31.542,""['-4.537844', '-0.5329859', '8.677228']"""
"164422,linear_acceleration,2017-06-29 07:46:31.544,""['-0.0048937798', '0.02356255', '7.991791E-4']"""
"164423,orientation,2017-06-29 07:46:31.561,""['33.482287405792434', '3.0346953100321548', '27.264513487330532']"""
"164424,heart_rate,2017-06-29 07:46:31.564,""['129.0', '1']"""
164425,pressure,2017-06-29 07:46:31.673,['969.89453']
"164426,magnetometer,2017-06-29 07:46:31.872,""['8.021545', '19.772339', '-42.944336']"""
"164427,rotation_vector,2017-06-29 07:46:31.938,""['0.036880128', '0.2349463', '-0.2655614', '0.9343004', '0.17453292']"""
"164428,gyroscope,2017-06-29 07:46:32.273,""['-0.008300781', '-0.0076904297', '-9.765625E-4']"""
"164429,heart_rate,2017-06-29 07:46:34.888,""['128.0', '1']"""
"164430,heart_rate,2017-06-29 07:46:35.887,""['127.0', '1']"""
"164431,accelerometer,2017-06-29 07:46:36.309,""['-4.152069', '-0.93518066', '8.929474']"""
"164432,orientation,2017-06-29 07:46:36.569,""['34.7339127410081', '6.063242169150828', '25.380195776465538']"""
"164433,gravity,2017-06-29 07:46:36.578,""['-4.131332', '-0.9947848', '8.838149']"""
"164434,linear_acceleration,2017-06-29 07:46:36.581,""['0.004357338', '-0.0027178526', '0.002796173']"""
164435,pressure,2017-06-29 07:46:36.709,['968.7073']
"164436,magnetometer,2017-06-29 07:46:36.907,""['6.0562134', '23.277283', '-44.19861']"""
"164437,rotation_vector,2017-06-29 07:46:36.964,""['0.020083124', '0.22131746', '-0.31381276', '0.9231126', '0.17453292']"""
"164438,gyroscope,2017-06-29 07:46:37.418,""['-0.001373291', '-0.0054016113', '0.0063171387']"""
"164439,heart_rate,2017-06-29 07:46:37.886,""['126.0', '1']"""
"164440,heart_rate,2017-06-29 07:46:39.885,""['125.0', '1']"""
"164441,accelerometer,2017-06-29 07:46:41.317,""['-4.0934143', '-0.9495392', '8.968979']"""
"164442,orientation,2017-06-29 07:46:41.574,""['41.06570983747419', '5.703247657435198', '24.718765379883383']"""
"164443,gravity,2017-06-29 07:46:41.614,""['-4.0905495', '-0.9902871', '8.857602']"""
"164444,linear_acceleration,2017-06-29 07:46:41.617,""['0.004681587', '-0.0044072866', '0.0073843']"""
164445,pressure,2017-06-29 07:46:41.743,['968.79913']
"164446,heart_rate,2017-06-29 07:46:41.884,""['124.0', '1']"""
"164447,magnetometer,2017-06-29 07:46:41.942,""['5.2505493', '22.421265', '-43.852234']"""
"164448,rotation_vector,2017-06-29 07:46:42.011,""['0.021800118', '0.21840048', '-0.323032', '0.9205848', '0.17453292']"""
"164449,gyroscope,2017-06-29 07:46:42.565,""['0.0071105957', '-0.0016479492', '0.0072021484']"""
"164450,heart_rate,2017-06-29 07:46:42.884,""['121.0', '1']"""
"164451,heart_rate,2017-06-29 07:46:43.883,""['120.0', '1']"""
"164452,heart_rate,2017-06-29 07:46:44.883,""['118.0', '1']"""
"164453,accelerometer,2017-06-29 07:46:46.323,""['-4.119751', '-1.0345306', '8.860046']"""
"164454,orientation,2017-06-29 07:46:46.575,""['35.46845860510795', '5.677809044758308', '24.760086316814665']"""
"164455,gravity,2017-06-29 07:46:46.640,""['-4.073395', '-0.9473533', '8.870195']"""
"164456,linear_acceleration,2017-06-29 07:46:46.645,""['0.002866745', '0.0011989474', '0.003786087']"""
164457,pressure,2017-06-29 07:46:46.779,['968.7335']
"164458,heart_rate,2017-06-29 07:46:46.881,""['117.0', '1']"""
"164459,magnetometer,2017-06-29 07:46:46.978,""['5.606079', '22.01538', '-45.907593']"""
"164460,rotation_vector,2017-06-29 07:46:47.038,""['0.024768446', '0.21696582', '-0.32802078', '0.91908365', '0.17453292']"""
"164461,gyroscope,2017-06-29 07:46:47.709,""['7.6293945E-4', '0.0011749268', '-0.0043182373']"""
"164462,heart_rate,2017-06-29 07:46:48.880,""['114.0', '1']"""
"164463,heart_rate,2017-06-29 07:46:49.879,""['104.0', '1']"""
"164464,heart_rate,2017-06-29 07:46:50.883,""['94.0', '1']"""
"164465,accelerometer,2017-06-29 07:46:51.330,""['-4.01799', '-1.0261536', '8.916306']"""
"164466,orientation,2017-06-29 07:46:51.578,""['38.31604984745089', '5.633703525079774', '24.06440593663948']"""
"164467,gravity,2017-06-29 07:46:51.668,""['-3.9818604', '-1.0180248', '8.903864']"""
"164468,linear_acceleration,2017-06-29 07:46:51.670,""['0.010545731', '-0.017069578', '0.0026712418']"""
164469,pressure,2017-06-29 07:46:51.817,['968.82715']
"164470,heart_rate,2017-06-29 07:46:51.878,""['84.0', '1']"""
"164471,magnetometer,2017-06-29 07:46:52.013,""['6.6482544', '20.957947', '-46.67816']"""
"164472,rotation_vector,2017-06-29 07:46:52.084,""['0.02143154', '0.2145628', '-0.3357262', '0.91694677', '0.17453292']"""
"164473,gyroscope,2017-06-29 07:46:52.855,""['-0.004562378', '0.0021362305', '-0.012298584']"""
"164474,heart_rate,2017-06-29 07:46:52.877,""['74.0', '1']"""
"164475,heart_rate,2017-06-29 07:46:53.877,""['64.0', '1']"""
"164476,heart_rate,2017-06-29 07:46:54.876,""['63.0', '1']"""
"164477,heart_rate,2017-06-29 07:46:55.877,""['64.0', '1']"""
"164478,accelerometer,2017-06-29 07:46:56.337,""['-4.0359497', '-1.090805', '8.948624']"""
"164479,orientation,2017-06-29 07:46:56.585,""['39.75698412079721', '6.142033950755627', '24.317754728428177']"""
"164480,gravity,2017-06-29 07:46:56.713,""['-4.002737', '-1.0194948', '8.89433']"""
"164481,linear_acceleration,2017-06-29 07:46:56.716,""['0.011205196', '-0.01540935', '0.004383087']"""
164482,pressure,2017-06-29 07:46:56.852,['968.70013']
"164483,heart_rate,2017-06-29 07:46:56.875,""['65.0', '1']"""
"164484,magnetometer,2017-06-29 07:46:57.050,""['5.155945', '21.078491', '-44.128418']"""
"164485,rotation_vector,2017-06-29 07:46:57.111,""['0.021672893', '0.21500516', '-0.33740798', '0.9162199', '0.17453292']"""
"164486,heart_rate,2017-06-29 07:46:57.874,""['68.0', '3']"""
"164487,gyroscope,2017-06-29 07:46:58.001,""['0.0050201416', '0.0018157959', '0.005218506']"""
164488,battery,2017-06-29 07:46:58.290,['98']
"164489,heart_rate,2017-06-29 07:46:58.874,""['78.0', '1']"""
"164490,heart_rate,2017-06-29 07:46:59.862,""['88.0', '1']"""
"164491,heart_rate,2017-06-29 07:47:00.863,""['98.0', '1']"""
"164492,accelerometer,2017-06-29 07:47:01.344,""['-3.9868622', '-1.0225677', '8.978546']"""
"164493,orientation,2017-06-29 07:47:01.586,""['36.794177832439914', '6.105874502402756', '23.991522695553567']"""
"164494,gravity,2017-06-29 07:47:01.742,""['-3.9689453', '-1.0320817', '8.908011']"""
"164495,linear_acceleration,2017-06-29 07:47:01.745,""['-0.004856348', '1.450777E-4', '-0.003932953']"""
"164496,heart_rate,2017-06-29 07:47:01.862,""['108.0', '1']"""
164497,pressure,2017-06-29 07:47:01.884,['968.68384']
"164498,magnetometer,2017-06-29 07:47:02.085,""['5.4107666', '21.907043', '-45.73059']"""
"164499,rotation_vector,2017-06-29 07:47:02.157,""['0.021410864', '0.2122265', '-0.34064224', '0.915677', '0.17453292']"""
"164500,heart_rate,2017-06-29 07:47:02.861,""['118.0', '1']"""
"164501,gyroscope,2017-06-29 07:47:03.145,""['0.021057129', '-0.6750641', '-0.10694885']"""
"164502,heart_rate,2017-06-29 07:47:03.860,""['126.0', '1']"""
"164503,heart_rate,2017-06-29 07:47:04.859,""['127.0', '1']"""
"164504,accelerometer,2017-06-29 07:47:06.350,""['-2.0715027', '-0.4611206', '9.68364']"""
"164505,orientation,2017-06-29 07:47:06.587,""['22.739079445184792', '1.732738844431193', '2.4954198585479137']"""
"164506,gravity,2017-06-29 07:47:06.786,""['-0.7809928', '-0.5561664', '9.759667']"""
"164507,linear_acceleration,2017-06-29 07:47:06.791,""['-0.48083317', '-0.13559127', '0.14172935']"""
164508,pressure,2017-06-29 07:47:06.920,['967.559']
"164509,magnetometer,2017-06-29 07:47:07.122,""['-13.630676', '24.371338', '-48.493958']"""
"164510,rotation_vector,2017-06-29 07:47:07.183,""['-0.035260316', '0.04832623', '-0.4757931', '0.8775205', '0.17453292']"""
"164511,heart_rate,2017-06-29 07:47:07.858,""['125.0', '1']"""
"164512,gyroscope,2017-06-29 07:47:08.289,""['-0.40483093', '0.25257874', '0.18930054']"""
"164513,heart_rate,2017-06-29 07:47:09.856,""['124.0', '1']"""
"164514,accelerometer,2017-06-29 07:47:11.357,""['-2.3408508', '-1.655838', '9.463379']"""
"164515,orientation,2017-06-29 07:47:11.595,""['46.31095361058548', '10.369612834707223', '13.627282658402205']"""
"164516,gravity,2017-06-29 07:47:11.812,""['-2.3516195', '-1.7445126', '9.359324']"""
"164517,linear_acceleration,2017-06-29 07:47:11.815,""['0.055588722', '0.035086036', '0.017518997']"""
164518,pressure,2017-06-29 07:47:11.955,['967.82654']
"164519,magnetometer,2017-06-29 07:47:12.155,""['-4.6920776', '23.623657', '-47.877502']"""
"164520,rotation_vector,2017-06-29 07:47:12.228,""['-0.04441403', '0.14339206', '-0.33843383', '0.9289395', '0.17453292']"""
"164521,gyroscope,2017-06-29 07:47:13.437,""['-0.008453369', '0.0023956299', '5.950928E-4']"""
"164522,heart_rate,2017-06-29 07:47:13.854,""['123.0', '1']"""
"164523,accelerometer,2017-06-29 07:47:16.364,""['-2.2869873', '-1.5205536', '9.433456']"""
"164524,orientation,2017-06-29 07:47:16.601,""['46.58310249806464', '8.17286690328021', '13.626432299850538']"""
"164525,gravity,2017-06-29 07:47:16.858,""['-2.306885', '-1.5192361', '9.409601']"""
"164526,linear_acceleration,2017-06-29 07:47:16.862,""['0.0019211769', '0.007964134', '-0.005197525']"""
164527,pressure,2017-06-29 07:47:16.991,['968.5629']
"164528,heart_rate,2017-06-29 07:47:17.189,""['122.0', '1']"""
"164529,magnetometer,2017-06-29 07:47:17.193,""['-4.408264', '21.957397', '-47.898865']"""
"164530,rotation_vector,2017-06-29 07:47:17.255,""['-0.023608655', '0.14091504', '-0.3964457', '0.90687174', '0.17453292']"""
"164531,gyroscope,2017-06-29 07:47:18.581,""['-1.1808777', '-2.1470947', '0.75697327']"""
"164532,heart_rate,2017-06-29 07:47:20.176,""['121.0', '1']"""
"164533,accelerometer,2017-06-29 07:47:21.370,""['6.4721985', '-4.2511444', '6.0420685']"""
"164534,orientation,2017-06-29 07:47:21.612,""['64.60684132142065', '25.10615663413358', '-47.23583635628608']"""
"164535,linear_acceleration,2017-06-29 07:47:21.886,""['0.14454842', '-0.16717005', '-0.2170353']"""
"164536,gravity,2017-06-29 07:47:21.889,""['6.4106836', '-3.928979', '6.2957644']"""
164537,pressure,2017-06-29 07:47:22.028,['969.07996']
"164538,heart_rate,2017-06-29 07:47:22.175,""['114.0', '1']"""
"164539,magnetometer,2017-06-29 07:47:22.229,""['-48.20099', '29.911804', '-40.57617']"""
"164540,rotation_vector,2017-06-29 07:47:22.283,""['-0.40556315', '-0.14911455', '-0.5627349', '0.7047076', '0.17453292']"""
"164541,heart_rate,2017-06-29 07:47:23.174,""['113.0', '1']"""
"164542,gyroscope,2017-06-29 07:47:23.726,""['-0.4524536', '0.58306885', '0.67697144']"""
"164543,heart_rate,2017-06-29 07:47:26.173,""['112.0', '1']"""
"164544,accelerometer,2017-06-29 07:47:26.377,""['-0.5236511', '2.4693756', '9.439438']"""
"164545,orientation,2017-06-29 07:47:26.615,""['34.17859104072938', '-15.385595331911512', '3.331186564826415']"""
"164546,gravity,2017-06-29 07:47:26.932,""['0.9217883', '3.7127955', '9.02972']"""
"164547,linear_acceleration,2017-06-29 07:47:26.937,""['-1.4582512', '-1.0111926', '0.64822674']"""
164548,pressure,2017-06-29 07:47:27.061,['967.828']
"164549,heart_rate,2017-06-29 07:47:27.176,""['108.0', '1']"""
"164550,magnetometer,2017-06-29 07:47:27.261,""['-9.991455', '8.799744', '-45.44983']"""
"164551,rotation_vector,2017-06-29 07:47:27.330,""['0.1338448', '-0.0815887', '-0.49841687', '0.8526485', '0.17453292']"""
"164552,gyroscope,2017-06-29 07:47:28.873,""['0.09034729', '-0.3790741', '0.08416748']"""
"164553,heart_rate,2017-06-29 07:47:29.173,""['107.0', '1']"""
"164554,accelerometer,2017-06-29 07:47:31.384,""['-3.4864807', '-0.8717346', '9.306564']"""
"164555,orientation,2017-06-29 07:47:31.619,""['20.170842939895373', '-5.655649349769848', '33.61147018865947']"""
"164556,gravity,2017-06-29 07:47:31.961,""['-4.9588704', '-2.6837115', '8.02357']"""
"164557,linear_acceleration,2017-06-29 07:47:31.964,""['-0.43708467', '2.3706946', '-0.30738258']"""
164558,pressure,2017-06-29 07:47:32.097,['969.6337']
"164559,magnetometer,2017-06-29 07:47:32.296,""['14.994812', '35.357666', '-19.906616']"""
"164560,rotation_vector,2017-06-29 07:47:32.354,""['-0.12051442', '0.4537465', '-0.12824214', '0.87358135', '0.17453292']"""
164561,step_counter,2017-06-29 07:47:33.023,['0.0']
"164562,heart_rate,2017-06-29 07:47:33.044,""['102.0', '1']"""
"164563,heart_rate,2017-06-29 07:47:35.722,""['101.0', '1']"""
"164564,heart_rate,2017-06-29 07:47:38.722,""['100.0', '1']"""
"164565,heart_rate,2017-06-29 07:47:42.722,""['99.0', '1']"""
"164566,heart_rate,2017-06-29 07:47:43.896,""['93.0', '1']"""
"164567,heart_rate,2017-06-29 07:47:52.912,""['92.0', '1']"""
164568,step_detector,2017-06-29 07:47:58.807,['1.0']
"164569,magnetometer,2017-06-29 07:47:58.822,""['34.880066', '0.8300781', '-1.9607544']"""
"164570,orientation,2017-06-29 07:47:58.822,""['174.7902372383941', '31.77790932106413', '89.42623246325125']"""
164571,pressure,2017-06-29 07:47:58.841,['967.9254']
"164572,gravity,2017-06-29 07:47:58.873,""['-9.614788', '-1.9253993', '0.1380883']"""
"164573,linear_acceleration,2017-06-29 07:47:58.876,""['1.0837412', '1.2496607', '1.081867']"""
"164574,accelerometer,2017-06-29 07:47:58.878,""['-9.417404', '-2.7447205', '1.2395325']"""
"164575,rotation_vector,2017-06-29 07:47:58.884,""['-0.15335047', '0.68515915', '0.016054846', '0.71188676', '0.17453292']"""
"164576,gyroscope,2017-06-29 07:47:58.889,""['2.5139313', '0.40634155', '0.72187805']"""
164577,battery,2017-06-29 07:47:58.897,['97']
164578,step_detector,2017-06-29 07:47:59.062,['1.0']
164579,step_detector,2017-06-29 07:48:00.116,['1.0']
"164580,heart_rate,2017-06-29 07:48:00.134,""['87.0', '1']"""
"164581,heart_rate,2017-06-29 07:48:02.046,""['82.0', '1']"""
"164582,heart_rate,2017-06-29 07:48:03.036,""['79.0', '1']"""
"164583,heart_rate,2017-06-29 07:48:16.103,""['78.0', '1']"""
"164584,heart_rate,2017-06-29 07:48:19.075,""['77.0', '1']"""
"164585,heart_rate,2017-06-29 07:48:22.236,""['76.0', '1']"""
"164586,heart_rate,2017-06-29 07:48:24.432,""['75.0', '1']"""
"164587,heart_rate,2017-06-29 07:48:26.196,""['72.0', '1']"""
"164588,heart_rate,2017-06-29 07:48:31.178,""['71.0', '1']"""
"164589,heart_rate,2017-06-29 07:48:32.329,""['70.0', '1']"""
164590,step_detector,2017-06-29 07:48:37.642,['1.0']
164591,step_counter,2017-06-29 07:48:37.647,['3.0']
"164592,magnetometer,2017-06-29 07:48:37.653,""['19.871521', '20.747375', '15.693665']"""
"164593,orientation,2017-06-29 07:48:37.653,""['12.264092159509904', '-21.854797051458043', '-56.55757608268193']"""
"164594,gravity,2017-06-29 07:48:37.668,""['-5.7376986', '-6.8648844', '-4.0152926']"""
"164595,linear_acceleration,2017-06-29 07:48:37.675,""['0.60962343', '-0.32887173', '-0.55919886']"""
"164596,rotation_vector,2017-06-29 07:48:37.677,""['-0.5619231', '-0.6300111', '0.5359306', '0.0103402175', '0.17453292']"""
"164597,accelerometer,2017-06-29 07:48:37.680,""['7.5477905', '2.9874878', '5.787567']"""
"164598,gyroscope,2017-06-29 07:48:37.738,""['-0.77207947', '-0.035842896', '-0.21859741']"""
164599,pressure,2017-06-29 07:48:37.763,['971.6917']
164600,battery,2017-06-29 07:48:37.774,['97']
"164602,orientation,2017-06-29 07:48:42.730,""['86.00950546303324', '55.31936865409075', '121.10402145636674']"""
"164601,magnetometer,2017-06-29 07:48:42.730,""['17.274475', '26.216125', '5.8380127']"""
"164603,accelerometer,2017-06-29 07:48:42.806,""['-4.8301086', '-8.242157', '-3.2879028']"""
"164604,gyroscope,2017-06-29 07:48:42.808,""['-0.4818573', '-0.046813965', '0.2602539']"""
"164605,gravity,2017-06-29 07:48:42.810,""['-4.9120708', '-7.9715424', '-2.9148693']"""
"164606,linear_acceleration,2017-06-29 07:48:42.812,""['0.0020513535', '-0.2839961', '-0.25992346']"""
"164607,rotation_vector,2017-06-29 07:48:42.814,""['-0.5442623', '-0.5936291', '0.58213127', '0.11183112', '0.17453292']"""
164608,pressure,2017-06-29 07:48:42.932,['967.28204']
"164609,heart_rate,2017-06-29 07:48:54.352,""['68.0', '1']"""
"164610,heart_rate,2017-06-29 07:48:57.703,""['69.0', '1']"""
"164611,heart_rate,2017-06-29 07:48:58.476,""['72.0', '1']"""
"164612,gyroscope,2017-06-29 07:48:58.614,""['-0.1572113', '0.14813232', '-0.0061798096']"""
164613,pressure,2017-06-29 07:48:58.623,['968.39307']
"164614,magnetometer,2017-06-29 07:48:58.628,""['18.814087', '24.906921', '8.256531']"""
"164615,orientation,2017-06-29 07:48:58.628,""['97.91007190302662', '52.29023781379804', '126.34459338008575']"""
"164616,accelerometer,2017-06-29 07:48:58.638,""['-4.7935944', '-7.7731323', '-3.418747']"""
"164617,gravity,2017-06-29 07:48:58.671,""['-6.7374115', '-6.52411', '2.86595']"""
"164618,linear_acceleration,2017-06-29 07:48:58.673,""['0.09397125', '0.23426533', '0.13558435']"""
"164619,rotation_vector,2017-06-29 07:48:58.675,""['-0.5575329', '-0.20744708', '0.7361989', '0.3226979', '0.17453292']"""
164620,battery,2017-06-29 07:48:58.678,['97']
"164621,heart_rate,2017-06-29 07:49:00.667,""['71.0', '1']"""
"164622,heart_rate,2017-06-29 07:49:03.637,""['70.0', '1']"""
"164623,gyroscope,2017-06-29 07:49:09.728,""['-3.0039215', '0.3954773', '0.7063751']"""
164624,pressure,2017-06-29 07:49:09.817,['967.3302']
"164625,accelerometer,2017-06-29 07:49:09.831,""['-9.992722', '-1.9000397', '1.8297119']"""
"164626,orientation,2017-06-29 07:49:09.831,""['120.88938959188826', '10.593797572513612', '79.62383183439408']"""
"164627,magnetometer,2017-06-29 07:49:09.879,""['21.128845', '-0.21362305', '-26.394653']"""
"164628,gravity,2017-06-29 07:49:09.984,""['-1.3056805', '0.675336', '9.695849']"""
"164629,linear_acceleration,2017-06-29 07:49:10.053,""['-0.79940116', '0.40417975', '0.17619324']"""
"164630,rotation_vector,2017-06-29 07:49:10.073,""['0.0748338', '-0.007009931', '-0.9245752', '0.37351233', '0.17453292']"""
164631,step_detector,2017-06-29 07:49:10.079,['1.0']
164632,battery,2017-06-29 07:49:10.085,['97']
"164634,orientation,2017-06-29 07:49:18.565,""['-96.08979916846154', '39.32485171238885', '93.98678392301461']"""
"164633,magnetometer,2017-06-29 07:49:18.565,""['17.254639', '13.964844', '3.741455']"""
164635,pressure,2017-06-29 07:49:18.584,['967.9986']
164636,battery,2017-06-29 07:49:18.615,['97']
"164637,accelerometer,2017-06-29 07:49:18.720,""['-7.9729767', '-6.288849', '0.054763794']"""
"164638,gyroscope,2017-06-29 07:49:18.725,""['-1.2172546', '-1.2711334', '0.041229248']"""
"164639,gravity,2017-06-29 07:49:18.917,""['-3.5922806', '-5.9093776', '6.9530687']"""
"164640,linear_acceleration,2017-06-29 07:49:18.919,""['-0.66789913', '0.054270744', '0.10239887']"""
"164641,rotation_vector,2017-06-29 07:49:18.921,""['-0.3683978', '-0.09886977', '0.6685098', '0.63843757', '0.17453292']"""
"164642,magnetometer,2017-06-29 07:49:23.624,""['53.16925', '17.115784', '1.902771']"""
"164643,orientation,2017-06-29 07:49:23.624,""['-115.27767884904911', '48.30374667830132', '48.377345381702796']"""
164644,pressure,2017-06-29 07:49:23.629,['969.1141']
"164645,accelerometer,2017-06-29 07:49:23.871,""['-4.8262787', '-7.379532', '4.419998']"""
"164646,gyroscope,2017-06-29 07:49:23.874,""['0.017059326', '-0.014328003', '0.0027770996']"""
"164647,gravity,2017-06-29 07:49:24.069,""['-4.8349476', '-7.342008', '4.3460994']"""
"164648,linear_acceleration,2017-06-29 07:49:24.072,""['8.7594986E-4', '-0.015003681', '0.055277348']"""
"164649,rotation_vector,2017-06-29 07:49:24.073,""['-0.5154646', '-0.112724684', '0.60797346', '0.59326017', '0.17453292']"""
"164650,heart_rate,2017-06-29 07:49:25.668,""['71.0', '1']"""
"164651,heart_rate,2017-06-29 07:49:27.843,""['73.0', '1']"""
"164652,gyroscope,2017-06-29 07:49:34.549,""['2.2411194', '-0.5176697', '-0.10140991']"""
164653,pressure,2017-06-29 07:49:34.590,['970.94104']
"164655,orientation,2017-06-29 07:49:34.779,""['-127.75340185867091', '58.61007866412203', '35.407198638442104']"""
"164654,magnetometer,2017-06-29 07:49:34.779,""['44.43817', '22.57843', '-15.579224']"""
"164656,accelerometer,2017-06-29 07:49:34.852,""['-2.858841', '-4.0339966', '6.614044']"""
"164657,gravity,2017-06-29 07:49:34.859,""['-3.9054577', '-1.2665865', '8.905815']"""
"164658,linear_acceleration,2017-06-29 07:49:34.861,""['0.027440071', '0.47258258', '0.27438545']"""
"164659,rotation_vector,2017-06-29 07:49:34.865,""['-0.20384462', '0.10006408', '0.7331218', '0.6410671', '0.17453292']"""
"164660,heart_rate,2017-06-29 07:49:34.882,""['72.0', '1']"""
164661,battery,2017-06-29 07:49:34.920,['97']
"164662,heart_rate,2017-06-29 07:49:36.660,""['69.0', '1']"""
"164663,heart_rate,2017-06-29 07:49:37.692,""['68.0', '1']"""
"164664,heart_rate,2017-06-29 07:49:38.868,""['66.0', '1']"""
"164665,heart_rate,2017-06-29 07:49:40.055,""['65.0', '1']"""
"164666,heart_rate,2017-06-29 07:49:40.852,""['64.0', '1']"""
"164667,heart_rate,2017-06-29 07:49:44.790,""['65.0', '1']"""
"164668,heart_rate,2017-06-29 07:49:51.928,""['66.0', '1']"""
"164669,heart_rate,2017-06-29 07:49:59.054,""['65.0', '1']"""
"164670,gyroscope,2017-06-29 07:49:59.482,""['0.6029663', '0.38833618', '-0.3932953']"""
164671,step_detector,2017-06-29 07:49:59.490,['1.0']
164672,step_counter,2017-06-29 07:49:59.493,['4.0']
"164673,accelerometer,2017-06-29 07:49:59.497,""['-6.714218', '-6.8516083', '4.861603']"""
"164674,orientation,2017-06-29 07:49:59.497,""['-97.26849857390897', '39.57509276810519', '54.0926120376431']"""
"164675,magnetometer,2017-06-29 07:49:59.514,""['51.968384', '8.4198', '-6.503296']"""
164676,battery,2017-06-29 07:49:59.536,['97']
"164677,gravity,2017-06-29 07:49:59.631,""['-5.234143', '-6.3469615', '5.337622']"""
"164678,linear_acceleration,2017-06-29 07:49:59.634,""['-0.012735367', '0.031250954', '-0.027443886']"""
"164679,rotation_vector,2017-06-29 07:49:59.636,""['-0.47084814', '-0.07253253', '0.6492188', '0.59292156', '0.17453292']"""
164680,pressure,2017-06-29 07:49:59.679,['967.7236']
"164681,magnetometer,2017-06-29 07:50:04.528,""['51.205444', '12.922668', '-12.109375']"""
"164682,orientation,2017-06-29 07:50:04.528,""['-95.76015374854921', '25.88302918052', '29.255264328484547']"""
"164683,accelerometer,2017-06-29 07:50:04.595,""['-3.3640137', '-3.9630127', '8.182724']"""
"164684,gyroscope,2017-06-29 07:50:04.599,""['-0.13909912', '0.24601746', '-0.060821533']"""
164685,battery,2017-06-29 07:50:04.602,['96']
164686,pressure,2017-06-29 07:50:04.712,['968.9629']
"164687,gravity,2017-06-29 07:50:04.777,""['-5.0500197', '-3.593599', '7.5995874']"""
"164688,linear_acceleration,2017-06-29 07:50:04.780,""['-0.23043442', '-0.869766', '-0.52082205']"""
"164689,rotation_vector,2017-06-29 07:50:04.782,""['-0.3331486', '0.039254036', '0.6983689', '0.6322595', '0.17453292']"""
"164690,heart_rate,2017-06-29 07:50:07.953,""['64.0', '1']"""
"164691,magnetometer,2017-06-29 07:50:09.546,""['35.594177', '12.089539', '14.964294']"""
"164692,orientation,2017-06-29 07:50:09.546,""['-105.34420005983023', '40.95983849024441', '64.95035885553727']"""
"164693,accelerometer,2017-06-29 07:50:09.724,""['-4.851288', '-4.158249', '5.8919525']"""
"164694,gyroscope,2017-06-29 07:50:09.726,""['2.9701843', '-0.7952728', '0.6661072']"""
164695,pressure,2017-06-29 07:50:09.748,['970.8132']
"164696,gravity,2017-06-29 07:50:09.927,""['-6.6537704', '-1.9910617', '6.9233947']"""
"164697,linear_acceleration,2017-06-29 07:50:09.929,""['1.1543379', '-1.1040068', '-0.53774977']"""
"164698,rotation_vector,2017-06-29 07:50:09.931,""['-0.33688197', '0.18307278', '0.6510094', '0.6551196', '0.17453292']"""
"164699,magnetometer,2017-06-29 07:50:16.213,""['25.131226', '20.544434', '28.546143']"""
"164700,orientation,2017-06-29 07:50:16.213,""['-115.73277435344706', '64.77110737095946', '89.66976285810804']"""
"164701,accelerometer,2017-06-29 07:50:16.259,""['-2.3051758', '-7.977356', '-1.9888153']"""
"164702,gravity,2017-06-29 07:50:16.265,""['2.5983443', '-8.706484', '-3.6900048']"""
"164703,linear_acceleration,2017-06-29 07:50:16.267,""['-0.95708203', '-0.14261818', '-1.0910437']"""
"164704,rotation_vector,2017-06-29 07:50:16.269,""['-0.73589826', '-0.38287282', '0.105311945', '0.5484264', '0.17453292']"""
"164705,gyroscope,2017-06-29 07:50:16.271,""['-2.1145325', '0.33561707', '-0.8266449']"""
164706,battery,2017-06-29 07:50:16.274,['96']
164707,pressure,2017-06-29 07:50:16.395,['968.3347']
"164708,orientation,2017-06-29 07:50:21.215,""['-34.97042511649271', '-1.3924847533556628', '-13.96663121580418']"""
"164709,magnetometer,2017-06-29 07:50:21.240,""['1.05896', '14.622498', '-45.095825']"""
"164710,accelerometer,2017-06-29 07:50:21.266,""['2.4164276', '0.3780365', '9.629776']"""
"164711,gravity,2017-06-29 07:50:21.356,""['2.6111417', '0.21580844', '9.450172']"""
"164712,linear_acceleration,2017-06-29 07:50:21.359,""['-0.18122339', '0.08256112', '0.08668327']"""
"164713,rotation_vector,2017-06-29 07:50:21.361,""['0.06189626', '-0.11976716', '0.38087383', '0.91474575', '0.17453292']"""
"164714,gyroscope,2017-06-29 07:50:21.395,""['-0.023742676', '-0.026046753', '0.010009766']"""
164715,pressure,2017-06-29 07:50:21.434,['968.6101']
"164716,heart_rate,2017-06-29 07:50:25.198,""['63.0', '1']"""
"164717,magnetometer,2017-06-29 07:50:37.855,""['7.597351', '42.329407', '-8.831787']"""
"164718,orientation,2017-06-29 07:50:37.855,""['-12.481144472275508', '-5.941441540116107', '-13.714146442945488']"""
"164719,gravity,2017-06-29 07:50:37.871,""['1.8698485', '-9.625925', '0.12502602']"""
"164720,linear_acceleration,2017-06-29 07:50:37.873,""['-0.19723952', '0.0310812', '-0.06566339']"""
"164721,accelerometer,2017-06-29 07:50:37.875,""['2.6705627', '-8.764343', '4.810364']"""
"164722,rotation_vector,2017-06-29 07:50:37.919,""['-0.6044165', '-0.44891593', '0.28939235', '0.59110683', '0.17453292']"""
"164723,gyroscope,2017-06-29 07:50:37.925,""['-2.137329', '0.018798828', '0.4975891']"""
164724,battery,2017-06-29 07:50:37.930,['96']
164725,pressure,2017-06-29 07:50:37.947,['968.73315']
"164726,heart_rate,2017-06-29 07:50:38.261,""['62.0', '1']"""
"164727,magnetometer,2017-06-29 07:50:42.982,""['22.729492', '36.888123', '-1.4373779']"""
"164728,orientation,2017-06-29 07:50:42.982,""['154.78041942327636', '85.34494854735851', '108.31559872616342']"""
164729,pressure,2017-06-29 07:50:42.986,['967.5889']
"164730,accelerometer,2017-06-29 07:50:43.012,""['0.25494385', '-8.340927', '2.6000366']"""
"164731,gyroscope,2017-06-29 07:50:43.014,""['1.728302', '-0.30822754', '-0.11781311']"""
"164732,gravity,2017-06-29 07:50:43.016,""['-0.021471543', '-9.57817', '2.1044223']"""
"164733,linear_acceleration,2017-06-29 07:50:43.018,""['-0.79300606', '-0.099209785', '-2.6719065']"""
"164734,rotation_vector,2017-06-29 07:50:43.020,""['-0.50028163', '-0.37738916', '0.4707001', '0.62107736', '0.17453292']"""
"164735,magnetometer,2017-06-29 07:50:48.017,""['15.753174', '20.410156', '-36.927795']"""
"164736,orientation,2017-06-29 07:50:48.017,""['-73.24535722514013', '21.418223312541876', '-16.329841663909097']"""
164737,pressure,2017-06-29 07:50:48.022,['968.93384']
"164738,accelerometer,2017-06-29 07:50:48.157,""['2.1596527', '-5.300766', '7.91098']"""
"164739,gyroscope,2017-06-29 07:50:48.200,""['-0.8181', '-0.15600586', '0.3657074']"""
"164740,gravity,2017-06-29 07:50:48.209,""['3.2699928', '-5.489219', '7.43949']"""
"164741,linear_acceleration,2017-06-29 07:50:48.211,""['-0.8478193', '0.56968117', '1.0639639']"""
"164742,rotation_vector,2017-06-29 07:50:48.214,""['-0.051488318', '-0.3435703', '0.7255808', '0.5940041', '0.17453292']"""
164743,battery,2017-06-29 07:50:50.539,['96']
"164744,heart_rate,2017-06-29 07:50:51.324,""['63.0', '1']"""
"164745,heart_rate,2017-06-29 07:50:52.315,""['64.0', '1']"""
"164746,magnetometer,2017-06-29 07:50:53.052,""['23.939514', '32.40509', '-12.127686']"""
"164747,orientation,2017-06-29 07:50:53.052,""['-54.78508393645568', '41.586713252268176', '-4.850476768331126']"""
164748,pressure,2017-06-29 07:50:53.057,['970.2266']
"164749,heart_rate,2017-06-29 07:50:53.517,""['66.0', '1']"""
"164750,heart_rate,2017-06-29 07:50:56.484,""['67.0', '1']"""
"164751,heart_rate,2017-06-29 07:50:57.275,""['66.0', '1']"""
"164752,heart_rate,2017-06-29 07:50:58.258,""['67.0', '1']"""
"164753,magnetometer,2017-06-29 07:50:58.311,""['25.733948', '33.418274', '-0.61950684']"""
"164754,orientation,2017-06-29 07:50:58.311,""['-68.66818108493695', '74.3237621328151', '-3.7251429115294648']"""
164755,battery,2017-06-29 07:50:58.358,['96']
"164756,accelerometer,2017-06-29 07:50:58.448,""['-0.49612427', '-9.8806305', '-0.260437']"""
"164757,gyroscope,2017-06-29 07:50:58.452,""['-0.7966919', '0.21406555', '0.19856262']"""
"164758,gravity,2017-06-29 07:50:58.455,""['-5.3112245', '-7.65369', '3.0630555']"""
"164759,linear_acceleration,2017-06-29 07:50:58.457,""['0.31410027', '0.030646324', '-0.17027712']"""
"164760,rotation_vector,2017-06-29 07:50:58.459,""['-0.5227432', '-0.33622104', '0.7308399', '0.28207794', '0.17453292']"""
164761,pressure,2017-06-29 07:50:58.491,['971.2038']
"164762,heart_rate,2017-06-29 07:51:00.630,""['69.0', '1']"""
"164763,heart_rate,2017-06-29 07:51:01.419,""['71.0', '1']"""
"164764,magnetometer,2017-06-29 07:51:03.325,""['28.11737', '39.6286', '11.442566']"""
"164765,orientation,2017-06-29 07:51:03.325,""['-61.56778280116933', '70.04608295752782', '16.45054476692156']"""
164766,pressure,2017-06-29 07:51:03.526,['967.764']
"164767,accelerometer,2017-06-29 07:51:03.593,""['0.7735138', '-9.581482', '0.22343445']"""
"164768,gravity,2017-06-29 07:51:03.596,""['0.62530124', '-9.780652', '0.3438332']"""
"164769,linear_acceleration,2017-06-29 07:51:03.597,""['0.36210537', '-1.0076027', '-0.45659927']"""
"164770,rotation_vector,2017-06-29 07:51:03.599,""['-0.5745312', '-0.39036307', '0.3655096', '0.61962354', '0.17453292']"""
"164771,gyroscope,2017-06-29 07:51:03.601,""['-0.3902893', '-0.10913086', '-0.8137512']"""
"164772,heart_rate,2017-06-29 07:51:04.386,""['72.0', '1']"""
"164773,heart_rate,2017-06-29 07:51:06.578,""['71.0', '1']"""
"164774,heart_rate,2017-06-29 07:51:16.672,""['70.0', '1']"""
"164775,heart_rate,2017-06-29 07:51:19.639,""['69.0', '1']"""
"164776,heart_rate,2017-06-29 07:51:22.592,""['71.0', '1']"""
"164777,magnetometer,2017-06-29 07:51:22.750,""['5.6121826', '45.744324', '-10.430908']"""
"164778,orientation,2017-06-29 07:51:22.750,""['-27.729036360330394', '57.735425129577706', '-45.74397960758272']"""
"164779,gravity,2017-06-29 07:51:22.791,""['-0.3244639', '-9.404199', '-2.761551']"""
"164780,linear_acceleration,2017-06-29 07:51:22.806,""['-0.14691985', '0.39249134', '-0.60158944']"""
"164781,accelerometer,2017-06-29 07:51:22.808,""['3.7919006', '-7.941574', '4.1573486']"""
"164782,rotation_vector,2017-06-29 07:51:22.815,""['-0.64464545', '-0.44017896', '0.37641272', '0.4989872', '0.17453292']"""
"164783,gyroscope,2017-06-29 07:51:22.817,""['0.40055847', '-0.06663513', '-0.07925415']"""
164784,battery,2017-06-29 07:51:22.824,['96']
164785,pressure,2017-06-29 07:51:22.863,['968.42377']
"164786,heart_rate,2017-06-29 07:51:25.575,""['72.0', '1']"""
"164787,magnetometer,2017-06-29 07:51:27.897,""['72.13287', '12.576294', '-3.1051636']"""
"164788,orientation,2017-06-29 07:51:27.897,""['175.81736108578062', '50.10305414720905', '90.27891327923564']"""
164789,pressure,2017-06-29 07:51:27.905,['968.50244']
"164790,accelerometer,2017-06-29 07:51:27.935,""['-6.297867', '-7.4499207', '-0.12863159']"""
"164791,gyroscope,2017-06-29 07:51:27.937,""['-0.06602478', '0.08665466', '-0.044525146']"""
"164792,gravity,2017-06-29 07:51:27.939,""['-6.3764315', '-7.450603', '-0.0050327946']"""
"164793,linear_acceleration,2017-06-29 07:51:27.941,""['0.025740147', '-0.09846878', '-0.032380983']"""
"164794,rotation_vector,2017-06-29 07:51:27.942,""['-0.6084732', '-0.36057866', '0.6692446', '0.22771703', '0.17453292']"""
"164795,heart_rate,2017-06-29 07:51:33.889,""['73.0', '1']"""
"164797,orientation,2017-06-29 07:51:34.774,""['-155.87102304880898', '51.432669997462504', '97.11951165754348']"""
"164796,magnetometer,2017-06-29 07:51:34.775,""['75.86517', '38.96637', '26.226807']"""
164798,pressure,2017-06-29 07:51:34.804,['967.59827']
164799,battery,2017-06-29 07:51:34.826,['96']
"164800,accelerometer,2017-06-29 07:51:34.861,""['-5.7980804', '-7.814438', '-1.07518']"""
"164801,gravity,2017-06-29 07:51:34.865,""['-6.148497', '-7.637809', '0.17393307']"""
"164802,linear_acceleration,2017-06-29 07:51:34.867,""['0.14857674', '-0.04216528', '-1.319279']"""
"164803,gyroscope,2017-06-29 07:51:34.869,""['-0.14485168', '-0.059173584', '0.17054749']"""
"164804,rotation_vector,2017-06-29 07:51:35.063,""['-0.6895671', '-0.2371113', '0.5810407', '0.36147925', '0.17453292']"""
"164805,magnetometer,2017-06-29 07:51:39.781,""['38.467407', '31.513977', '33.37097']"""
"164806,orientation,2017-06-29 07:51:39.781,""['-68.74336780732045', '28.535710729612873', '63.72624552229842']"""
164807,pressure,2017-06-29 07:51:40.023,['967.7396']
"164808,gravity,2017-06-29 07:51:40.025,""['-7.4778137', '-5.8391657', '2.4812963']"""
"164809,accelerometer,2017-06-29 07:51:40.027,""['-5.6556244', '-8.761581', '0.10133362']"""
"164810,linear_acceleration,2017-06-29 07:51:40.029,""['0.7784257', '-1.4342914', '-0.59227085']"""
"164811,gyroscope,2017-06-29 07:51:40.031,""['-1.608963', '-0.95410156', '-0.37039185']"""
"164812,rotation_vector,2017-06-29 07:51:40.211,""['-0.63989675', '-0.05964682', '0.57403356', '0.5074051', '0.17453292']"""
"164813,heart_rate,2017-06-29 07:51:42.779,""['71.0', '1']"""
"164814,magnetometer,2017-06-29 07:51:44.817,""['60.92682', '15.704346', '54.374695']"""
"164815,orientation,2017-06-29 07:51:44.817,""['151.51664084914245', '37.36851136427336', '145.45738879112736']"""
"164816,accelerometer,2017-06-29 07:51:45.155,""['-6.6840515', '-6.0214233', '-4.69162']"""
"164817,gravity,2017-06-29 07:51:45.158,""['-6.032399', '-6.0229425', '-4.8481665']"""
"164818,linear_acceleration,2017-06-29 07:51:45.160,""['-0.3789196', '0.2970457', '-0.3099661']"""
"164819,gyroscope,2017-06-29 07:51:45.162,""['0.18025208', '-0.4039917', '0.013320923']"""
164820,pressure,2017-06-29 07:51:45.220,['968.59625']
"164821,rotation_vector,2017-06-29 07:51:45.351,""['-0.80621547', '-0.27307382', '0.46825144', '0.23703979', '0.17453292']"""
"164822,magnetometer,2017-06-29 07:51:49.852,""['78.504944', '43.21289', '19.514465']"""
"164823,orientation,2017-06-29 07:51:49.852,""['-138.6767458133539', '51.79520619332303', '83.14542955912847']"""
164824,pressure,2017-06-29 07:51:50.256,['968.51196']
"164825,accelerometer,2017-06-29 07:51:50.303,""['-6.056656', '-7.602066', '0.58555603']"""
"164826,gyroscope,2017-06-29 07:51:50.305,""['0.015365601', '-0.0071868896', '0.003189087']"""
"164827,gravity,2017-06-29 07:51:50.307,""['-6.0355873', '-7.7087507', '0.56323665']"""
"164828,linear_acceleration,2017-06-29 07:51:50.309,""['5.1498413E-5', '-0.0065131187', '-0.062083244']"""
"164829,rotation_vector,2017-06-29 07:51:50.496,""['-0.6668682', '-0.16123182', '0.57230127', '0.4491796', '0.17453292']"""
"164830,heart_rate,2017-06-29 07:51:53.663,""['70.0', '1']"""
"164831,gyroscope,2017-06-29 07:51:56.086,""['-0.30795288', '1.0072632', '0.8779907']"""
164832,pressure,2017-06-29 07:51:56.129,['967.6062']
"164833,magnetometer,2017-06-29 07:51:56.135,""['-4.423523', '23.225403', '42.1463']"""
"164834,orientation,2017-06-29 07:51:56.135,""['-112.44493985305635', '50.38888390359575', '147.7535071447889']"""
"164835,accelerometer,2017-06-29 07:51:56.146,""['-4.6003876', '-7.2674866', '-5.2622833']"""
164836,battery,2017-06-29 07:51:56.167,['96']
"164837,gravity,2017-06-29 07:51:56.231,""['2.23424', '3.5535686', '8.862884']"""
"164838,linear_acceleration,2017-06-29 07:51:56.233,""['-0.05634284', '-0.4930632', '2.2540617']"""
"164839,rotation_vector,2017-06-29 07:51:56.236,""['0.07417693', '-0.20643759', '-0.6016966', '0.76801205', '0.17453292']"""
164840,pressure,2017-06-29 07:52:01.131,['969.4689']
"164841,magnetometer,2017-06-29 07:52:01.512,""['-57.521057', '-14.349365', '-21.910095']"""
"164842,orientation,2017-06-29 07:52:01.512,""['148.44526870392778', '9.216987676416306', '-55.44529685181828']"""
164843,battery,2017-06-29 07:52:01.576,['96']
"164844,accelerometer,2017-06-29 07:52:01.598,""['7.0458527', '-1.2058411', '6.8554993']"""
"164845,gyroscope,2017-06-29 07:52:01.601,""['0.4335785', '0.28256226', '-0.16308594']"""
"164846,gravity,2017-06-29 07:52:01.603,""['7.299716', '-1.4177359', '6.393321']"""
"164847,linear_acceleration,2017-06-29 07:52:01.604,""['-0.5273471', '0.27285278', '0.61642456']"""
